id;artist_name;track_name;release_date;genre;loudness;valence;energy;topic;age
46510;chris rea;giverny;1986;blues;0.4276081327077404;0.20239076669414674;0.29727535034127184;sadness;0.4857142857142857
46623;the marcels;over the rainbow;1986;blues;0.6592569802322898;0.32192910140148395;0.28926709222550284;sadness;0.4857142857142857
46714;joe walsh;memory lane;1987;blues;0.3198728302951055;0.055338004946413846;0.05282327135742377;sadness;0.4714285714285714
46720;joe walsh;half of our time;1987;blues;0.5932107786580518;0.47959604286892005;0.33431354412670333;sadness;0.4714285714285714
46727;dinah washington;since i fell for you;1987;blues;0.5054226597954002;0.29616652926628195;0.16614012369555484;sadness;0.4714285714285714
46734;ann peebles;walk away;1987;blues;0.6069533112837473;0.48577906018136857;0.3002784471346852;sadness;0.4714285714285714
46795;chuck berry;i'm through with love;1987;blues;0.1957798118093479;0.43013190436933224;0.035405309955626234;sadness;0.4714285714285714
46810;johnnie taylor;lately;1987;blues;0.6333871753454863;0.13849958779884583;0.3202990924241077;sadness;0.4714285714285714
47071;crosby, stills, nash & young;don't say goodbye;1988;blues;0.36820244596569485;0.2745259686727123;0.055826368150837136;sadness;0.45714285714285713
47080;crosby, stills, nash & young;this old house;1988;blues;0.40102043432556467;0.42188788128606763;0.09746931035283583;sadness;0.45714285714285713
47134;dead moon;i tried;1989;blues;0.6593338973925083;0.4734130255564716;0.3693496733831927;sadness;0.44285714285714284
47137;chris rea;your warm and tender love;1989;blues;0.6007230213060533;0.21578730420445177;0.34132076997800126;sadness;0.44285714285714284
47157;the five keys;close your eyes;1989;blues;0.46593851754993193;0.2982275350370981;0.15212567199295912;sadness;0.44285714285714284
47171;etta james;damn your eyes;1989;blues;0.5851601158885213;0.4476504534212696;0.30528360845704083;sadness;0.44285714285714284
47189;big mama thornton;life goes on;1989;blues;0.3949183396149013;0.3157460840890355;0.02399354214065544;sadness;0.44285714285714284
47192;willie dixon;this pain in my heart;1989;blues;0.5201394764505294;0.46619950535861504;0.20417934974545748;sadness;0.44285714285714284
47235;"bobby ""blue"" bland";you've got to hurt before you heal;1989;blues;0.48985975437786833;0.23433635614179718;0.26424128561372484;sadness;0.44285714285714284
47316;dinah washington;when i fall in love;1989;blues;0.4900648668051175;0.078318219291014;0.15612980105084362;sadness;0.44285714285714284
47324;bonnie raitt;i ain't gonna let you break my heart again;1989;blues;0.4225572391867292;0.21475680131904368;0.07124226502369242;sadness;0.44285714285714284
47458;william clarke;lonesome bedroom blues;1990;blues;0.5710073584083275;0.47135201978565544;0.45543844812770923;sadness;0.42857142857142855
47612;dinah washington;i'll close my eyes;1991;blues;0.4729379791298105;0.1683841714756801;0.14111431708377675;sadness;0.4142857142857143
47687;dinah washington;after you've gone;1991;blues;0.469066482065482;0.39921681780708995;0.1651390914310837;sadness;0.4142857142857143
47984;lester davenport;slow down baby;1992;blues;0.49708996743840206;0.3816982687551525;0.347326963564828;sadness;0.4
48045;the fleetwoods;little miss sad one;1993;blues;0.38817526856908435;0.33429513602638083;0.14211534934824788;sadness;0.38571428571428573
48069;the moonglows;confess it to your heart;1993;blues;0.5984411455529062;0.4940230832646331;0.2141896723901687;sadness;0.38571428571428573
48095;lonnie johnson;tears don't fall no more;1993;blues;0.49311591416044914;0.4053998351195384;0.1200926395298832;sadness;0.38571428571428573
48129;jerry butler;make it easy on yourself;1993;blues;0.6015178319616439;0.3075020610057708;0.33231147959776114;sadness;0.38571428571428573
48213;jerry garcia;a shenandoah lullaby;1993;blues;0.4330179729764376;0.1302555647155812;0.07214319406171643;sadness;0.38571428571428573
48262;traffic;holy ground;1994;blues;0.6316437197138681;0.06863149216817807;0.33831767318458783;sadness;0.37142857142857144
48300;lynyrd skynyrd;heartbreak hotel;1994;blues;0.6095684947311745;0.4703215169002473;0.47445806115266054;sadness;0.37142857142857144
48355;bonnie raitt;dimming of the day;1994;blues;0.4710406891777555;0.2745259686727123;0.04761790358217393;sadness;0.37142857142857144
48420;crosby, stills & nash;unequal love;1994;blues;0.5362408019895905;0.2621599340478154;0.1731473495468527;sadness;0.37142857142857144
48527;bonnie raitt;matters of the heart;1995;blues;0.5243186421557315;0.1457131079967024;0.2051803820099286;sadness;0.35714285714285715
48531;widespread panic;gimme;1995;blues;0.5538548316796144;0.25391591096455074;0.4214033511356911;sadness;0.35714285714285715
48572;aretha franklin;it hurts like hell;1995;blues;0.6777427377381227;0.015766694146743608;0.3853661896147306;sadness;0.35714285714285715
48720;beth hart;blame the moon;1996;blues;0.6571289387995795;0.1580791426215993;0.24121754353088903;sadness;0.34285714285714286
48790;phish;swept away;1996;blues;0.4002512627233802;0.2621599340478154;0.10808025235622974;sadness;0.34285714285714286
48836;eric johnson;lonely in the night;1996;blues;0.6091582698766761;0.34975267930750203;0.4674508353013627;sadness;0.34285714285714286
48910;supersuckers;one cigarette away;1997;blues;0.6241058380124604;0.4806265457543281;0.4184002543422777;sadness;0.32857142857142857
48959;billie holiday;i'm yours;1997;blues;0.5361895238827781;0.23742786479802144;0.023493026008419876;sadness;0.32857142857142857
49056;keb' mo';i'm telling you now;1998;blues;0.5728277312001641;0.4157048639736193;0.1811556076626217;sadness;0.3142857142857143
49095;eric clapton;river of tears;1998;blues;0.6922544419660026;0.1457131079967024;0.31829702789516545;sadness;0.3142857142857143
49110;shemekia copeland;married to the blues;1998;blues;0.6357716073122579;0.2868920032976092;0.24822476938218688;sadness;0.3142857142857143
49141;shemekia copeland;salt in my wounds;1998;blues;0.6749480809168524;0.12716405605935696;0.3513310926227125;sadness;0.3142857142857143
49182;gov't mule;towering fool;1998;blues;0.6529497730943773;0.1673536685902721;0.29427225354785846;sadness;0.3142857142857143
49248;eric clapton;cryin';1999;blues;0.4794502986949721;0.42910140148392417;0.2512278661756002;sadness;0.3
49368;gov't mule;sad and deep as you;1999;blues;0.6755890572520062;0.046269579554822755;0.3192980601596366;sadness;0.3
49457;solomon burke;uptight good woman;2000;blues;0.5862882342383919;0.31368507831821923;0.2452216725887735;sadness;0.2857142857142857
49469;phish;sleep;2000;blues;0.5335230623285387;0.3002885408079143;0.23721341447300454;sadness;0.2857142857142857
49619;black rebel motorcycle club;tonight's with you;2001;blues;0.6310027433787144;0.04317807089859851;0.3333125118622322;sadness;0.2714285714285714
49722;tinariwen;imidiwaren;2001;blues;0.5244211983693561;0.11376751854905195;0.17715147860473718;sadness;0.2714285714285714
50022;bonnie raitt;lover's will;2003;blues;0.6439761044022254;0.21475680131904368;0.2662433501426671;sadness;0.24285714285714285
50187;jefferson airplane;turn my life down;2004;blues;0.5854934235828013;0.3816982687551525;0.4194012866067488;sadness;0.22857142857142856
50284;warren haynes;beautifully broken;2004;blues;0.6526164654000974;0.33223413025556475;0.3152939311017521;sadness;0.22857142857142856
50353;ray charles;here we go again;2004;blues;0.5898007845550342;0.4126133553173949;0.2992774148702141;sadness;0.22857142857142856
50488;esther phillips;i wish you love;2005;blues;0.5662384944747839;0.31162407254740315;0.21218760786122648;sadness;0.21428571428571427
50555;the white stripes;the nurse;2005;blues;0.6386431812937465;0.1529266281945589;0.3082867052504542;sadness;0.21428571428571427
50591;the white stripes;i'm lonely (but i ain't that lonely yet);2005;blues;0.5701869086993308;0.1457131079967024;0.17214631728238156;sadness;0.21428571428571427
50634;black rebel motorcycle club;restless sinner;2005;blues;0.5972361100428172;0.2827699917559769;0.2812588341097339;sadness;0.21428571428571427
50852;chicken shack;i'd rather go blind;2006;blues;0.6229008025023716;0.44868095630667765;0.4794632224750161;sadness;0.2
50855;jonny lang;last goodbye;2006;blues;0.6053636899725662;0.2281533388293487;0.19216696257180402;sadness;0.2
50986;grace potter & the nocturnals;you may see me;2007;blues;0.6421300925569827;0.0767724649629019;0.3303094150688189;sadness;0.18571428571428572
51011;jj grey & mofro;goodbye;2007;blues;0.6400020511242724;0.36933223413025557;0.38636722187920175;sadness;0.18571428571428572
51029;jj grey & mofro;circles;2007;blues;0.6987924005845703;0.2755564715581204;0.3533331571516547;sadness;0.18571428571428572
51072;geeshie wiley;last kind words blues;2007;blues;0.586160038971361;0.30131904369332235;0.2952732858123296;sadness;0.18571428571428572
51243;the wood brothers;fall too fast;2008;blues;0.663615619311335;0.1683841714756801;0.30228051166362746;sadness;0.17142857142857143
51276;al green;lay it down;2008;blues;0.6986898443709457;0.20857378400659524;0.38636722187920175;sadness;0.17142857142857143
51375;sir charles jones;i tried;2008;blues;0.4805014998846242;0.48577906018136857;0.25322993070454247;sadness;0.17142857142857143
51381;nazareth;love hurts (original studio demo);2008;blues;0.6195164474527599;0.11273701566364386;0.3623424475318949;sadness;0.17142857142857143
51906;seasick steve;treasures;2011;blues;0.5258313463066944;0.21887881286067604;0.24722373711771575;sadness;0.12857142857142856
51910;tedeschi trucks band;ball and chain;2011;blues;0.6483347434812706;0.32399010717230003;0.4494322545408825;sadness;0.12857142857142856
52247;justin townes earle;am i that lonely tonight?;2012;blues;0.6417198677024843;0.4383759274525969;0.43842089963170006;sadness;0.11428571428571428
52257;beth hart;with you everyday;2012;blues;0.6175422403404865;0.22609233305853257;0.21719276918358207;sadness;0.11428571428571428
52321;walter trout;pray for rain;2012;blues;0.5254467605056021;0.348722176422094;0.08635785221720638;sadness;0.11428571428571428
52499;taj mahal;tear this cabin down;2013;blues;0.6462323411019664;0.3281121187139324;0.4654487707724205;sadness;0.1
52594;all them witches;the marriage of coyote woman;2013;blues;0.6923569981796271;0.24154987633965377;0.39537651225944187;sadness;0.1
52963;anderson east;lying in her arms;2015;blues;0.6941260928646513;0.17662819455894474;0.4734570288881894;sadness;0.07142857142857142
53005;all them witches;call me star;2015;blues;0.6770504832961566;0.24979389942291838;0.42240438340016223;sadness;0.07142857142857142
53065;etta james;don't blame me;2015;blues;0.6771274004563751;0.30647155812036275;0.2091845110678131;sadness;0.07142857142857142
53110;the marcus king band;dyin';2015;blues;0.6323616132092402;0.2662819455894476;0.478462190210545;sadness;0.07142857142857142
53575;lukas nelson and promise of the real;breath of my baby;2017;blues;0.6830243827397892;0.0900659521846661;0.2622392210847826;sadness;0.04285714285714286
53902;all them witches;hjtc;2018;blues;0.6596159269799758;0.030812036273701566;0.3253042537464633;sadness;0.02857142857142857
53913;janiva magness;what i could do;2018;blues;0.6689485424198138;0.17044517724649624;0.31829702789516545;sadness;0.02857142857142857
53931;black rebel motorcycle club;haunt;2018;blues;0.614516832038561;0.24051937345424565;0.4674508353013627;sadness;0.02857142857142857
53992;greta van fleet;rolling in the deep;2018;blues;0.6555393174883983;0.30853256389117883;0.48747148059078516;sadness;0.02857142857142857
54027;ty segall;my lady's on fire;2018;blues;0.6848703945850318;0.3157460840890355;0.49848283549996747;sadness;0.02857142857142857
54054;joe bonamassa;stronger now in broken places;2018;blues;0.5029613106684101;0.24051937345424565;0.15012360746401687;sadness;0.02857142857142857
54102;kongos;tomorrow;2019;blues;0.6283619208778811;0.2600989282769992;0.3843651573502595;sadness;0.014285714285714285
58372;jerry vale;have you looked into your heart;1986;jazz;0.622618772914904;0.4424979389942292;0.3793599960279039;sadness;0.4857142857142857
58384;sarah vaughan;but not for me;1986;jazz;0.47137399687203535;0.043487221764220936;0.10107302650493187;sadness;0.4857142857142857
58422;al jarreau;across the midnight sky;1986;jazz;0.45234981924467343;0.42394888705688377;0.486470448326314;sadness;0.4857142857142857
58430;sarah vaughan;smoke gets in your eyes;1986;jazz;0.5901853703561264;0.10552349546578729;0.18616076898497735;sadness;0.4857142857142857
58462;lester young;prisoner of love;1987;jazz;0.5116529497730944;0.47959604286892005;0.16814218822449709;sadness;0.4714285714285714
58463;wynton marsalis;goodbye;1987;jazz;0.4142758249365432;0.12613355317394886;0.07905031668656719;sadness;0.4714285714285714
58481;the andrews sisters;i can dream, can't i?;1987;jazz;0.6690510986334384;0.23742786479802144;0.17715147860473718;sadness;0.4714285714285714
58486;basia;miles away;1987;jazz;0.5729302874137886;0.45280296784831;0.4003816735817975;sadness;0.4714285714285714
58494;artie shaw;deep purple;1987;jazz;0.5244724764761685;0.45074196207749384;0.14611947840613237;sadness;0.4714285714285714
58495;nat king cole;let's fall in love;1987;jazz;0.5393687665051405;0.22506183017312448;0.1971721238941596;sadness;0.4714285714285714
58502;julian dash;blue and sentimental;1987;jazz;0.31520652257518633;0.3662407254740313;0.029098806689458166;sadness;0.4714285714285714
58530;hiroshima;why can't i love you;1987;jazz;0.44083788426531284;0.3950948062654576;0.21218760786122648;sadness;0.4714285714285714
58531;nat king cole;you stepped out of a dream;1987;jazz;0.6823064892444171;0.33120362737015663;0.3303094150688189;sadness;0.4714285714285714
58542;astrud gilberto;only trust your heart;1987;jazz;0.30756608466015434;0.36005770816158283;0.08235372315932188;sadness;0.4714285714285714
58548;david benoit;when the winter's gone (song for a stranger);1988;jazz;0.40766094915775697;0.06523083264633141;0.0947665232387638;sadness;0.45714285714285713
58554;shirley bassey;who can i turn to;1988;jazz;0.6371817552495962;0.43528441879637264;0.4194012866067488;sadness;0.45714285714285713
58560;george benson;stephanie;1988;jazz;0.5828013229751557;0.4579554822753504;0.3913723832015574;sadness;0.45714285714285713
58583;johnny mathis;once in a while;1988;jazz;0.6350793528702919;0.2230008244023083;0.445428125482998;sadness;0.45714285714285713
58602;shirley bassey;if you go away (ne me quitte pas);1988;jazz;0.5994923467425581;0.14468260511129427;0.22419999503487992;sadness;0.45714285714285713
58618;tuck & patti;takes my breath away;1988;jazz;0.4775017306361048;0.19002473206924983;0.048118419714409486;sadness;0.45714285714285713
58709;louis armstrong;i surrender dear;1989;jazz;0.5830064354024049;0.21681780708985984;0.2512278661756002;sadness;0.44285714285714284
58748;louis armstrong;it's all in the game;1989;jazz;0.6287721457323795;0.2178483099752679;0.2712485114650227;sadness;0.44285714285714284
58752;doris day;you won't be satisfied (until you break my heart);1989;jazz;0.36904853472809773;0.20857378400659524;0.018888277591852715;sadness;0.44285714285714284
58772;chet baker;deep in a dream;1990;jazz;0.42132656462323403;0.09830997526793075;0.10107302650493187;sadness;0.42857142857142855
58833;tommy dorsey;i'll never smile again;1990;jazz;0.4941671153501012;0.04214756801319044;0.14411741387719015;sadness;0.42857142857142855
58842;harry connick, jr.;only 'cause i dont have you;1990;jazz;0.17021767556341816;0.014220939818631498;0.01458383885462689;sadness;0.42857142857142855
58852;nat king cole trio;the little christmas tree;1990;jazz;0.46919467733251286;0.2930750206100577;0.11008231688517198;sadness;0.42857142857142855
58859;joe sample;i'll love you;1990;jazz;0.43829961797810413;0.4682605111294312;0.34031973771353013;sadness;0.42857142857142855
58931;glenn miller;careless;1991;jazz;0.6150039740532779;0.26731244847485575;0.13911225255483453;sadness;0.4142857142857143
58942;harry connick, jr.;sonny cried;1991;jazz;0.19760018460118445;0.06409727947238252;0.00927836785292994;sadness;0.4142857142857143
58952;kenny kirkland;chance;1991;jazz;0.4705279081096325;0.3075020610057708;0.2712485114650227;sadness;0.4142857142857143
58975;glenn miller;perfidia;1991;jazz;0.557264825782632;0.18590272052761744;0.17214631728238156;sadness;0.4142857142857143
58980;nat king cole;sweet lorraine;1991;jazz;0.5110888905981591;0.20754328112118714;0.15612980105084362;sadness;0.4142857142857143
58982;nat king cole;somewhere along the way;1991;jazz;0.49662846447709147;0.20342126957955484;0.1321050267035367;sadness;0.4142857142857143
58988;glenn miller;fools rush in (where angels fear to tread);1991;jazz;0.5549573109760787;0.35696619950535863;0.1731473495468527;sadness;0.4142857142857143
59016;will downing;i go crazy;1991;jazz;0.5979796425915954;0.2044517724649629;0.3663465765897793;sadness;0.4142857142857143
59021;harry connick, jr.;stardust;1992;jazz;0.331230930954029;0.0849134377576257;0.027897567972092818;sadness;0.4
59028;shirley horn;where do you start;1992;jazz;0.40843012075994145;0.06450948062654575;0.08365506510313434;sadness;0.4
59060;nat king cole trio;smoke gets in your eyes;1992;jazz;0.36812552880547644;0.23433635614179718;0.06813906500383195;sadness;0.4
59070;rachelle ferrell;with open arms;1992;jazz;0.526472322641848;0.2384583676834295;0.29827638260574296;sadness;0.4
59082;kenny g;a year ago;1992;jazz;0.5098325769812577;0.11376751854905195;0.27425160825843603;sadness;0.4
59129;natalie cole;cry me a river;1993;jazz;0.5246263107966054;0.1869332234130255;0.14611947840613237;sadness;0.38571428571428573
59134;harry connick, jr.;when my heart finds christmas;1993;jazz;0.5369586954849626;0.08285243198680957;0.18816283351391952;sadness;0.38571428571428573
59144;betty carter;beware my heart;1993;jazz;0.39614901417839643;0.07563891178895299;0.06393472949305323;sadness;0.38571428571428573
59164;nat king cole trio;i'm thru with love;1993;jazz;0.46947670691998045;0.2230008244023083;0.10808025235622974;sadness;0.38571428571428573
59166;bing crosby;far away places;1993;jazz;0.3833038484219162;0.40333882934872217;0.05352399394255355;sadness;0.38571428571428573
59232;rosemary clooney;i wish you love;1993;jazz;0.3688177832474425;0.257007419620775;0.06783875532449062;sadness;0.38571428571428573
59237;perry como;far away places;1993;jazz;0.3943286413865599;0.15601813685078317;0.027096742160515917;sadness;0.38571428571428573
59258;natalie cole;i wish you love;1993;jazz;0.4858087839396969;0.18281121187139324;0.10607818782728749;sadness;0.38571428571428573
59287;basia;she deserves it / rachel's wedding;1994;jazz;0.5815706484116605;0.15498763396537507;0.36434451206083707;sadness;0.37142857142857144
59288;judy garland;you'll never walk alone;1994;jazz;0.5307796836140809;0.050803792250618304;0.18315767219156392;sadness;0.37142857142857144
59298;billy eckstine;my foolish heart;1994;jazz;0.4745788785478039;0.09727947238252269;0.13110399443906556;sadness;0.37142857142857144
59310;patti austin;broken dreams;1994;jazz;0.5833397430966848;0.2508244023083265;0.41139302849097986;sadness;0.37142857142857144
59360;louis armstrong;you can't lose a broken heart;1994;jazz;0.4847319436966387;0.42910140148392417;0.08045176185682676;sadness;0.37142857142857144
59438;ulver;kledt i nattens farger;1995;jazz;0.6581545009358254;0.18178070898598514;0.2622392210847826;sadness;0.35714285714285715
59453;mel torm‚;you're getting to be a habit with me;1995;jazz;0.34751172986693324;0.18384171475680128;0.025995606669597687;sadness;0.35714285714285715
59464;will downing;i can't make you love me;1995;jazz;0.6079788734199932;0.1508656224237428;0.3483279958292991;sadness;0.35714285714285715
59477;the mills brothers;you always hurt the one you love;1995;jazz;0.4319154936799733;0.3579967023907667;0.06173245851121675;sadness;0.35714285714285715
59479;dinah shore;laughing on the outside (crying on the inside);1995;jazz;0.579391328872138;0.2734954657873042;0.14812154293507465;sadness;0.35714285714285715
59483;the mills brothers;nevertheless (i'm in love with you);1995;jazz;0.4977053047201496;0.29101401483924155;0.06003070366161584;sadness;0.35714285714285715
59498;jack jones;a day in the life of a fool;1995;jazz;0.5825962105479066;0.20136026380873864;0.2352113499440623;sadness;0.35714285714285715
59517;jo stafford;autumn leaves;1996;jazz;0.4514524523754582;0.31883759274525963;0.10107302650493187;sadness;0.34285714285714286
59525;madeleine peyroux;a prayer;1996;jazz;0.44373509730020755;0.24567188788128605;0.07134236825013954;sadness;0.34285714285714286
59560;diana krall;boulevard of broken dreams;1996;jazz;0.3742276235161397;0.2807089859851608;0.1110833491496431;sadness;0.34285714285714286
59588;kenny g;how could an angel break my heart (with toni braxton);1996;jazz;0.6634361459374919;0.10140148392415499;0.36034038300295257;sadness;0.34285714285714286
59623;brad mehldau;blame it on my youth;1997;jazz;0.4045329846422069;0.18796372629843366;0.09827013616441273;sadness;0.32857142857142857
59632;diana krall;all or nothing at all;1997;jazz;0.4667076891521164;0.3538746908491345;0.10507715556281637;sadness;0.32857142857142857
59636;coleman hawkins;smoke gets in your eyes;1997;jazz;0.3868676768453707;0.2611294311624072;0.05892956817069762;sadness;0.32857142857142857
59676;eva cassidy;autumn leaves;1997;jazz;0.4267107658385252;0.09727947238252269;0.04451470356231345;sadness;0.32857142857142857
59703;oscar peterson trio;georgia on my mind;1997;jazz;0.29759249288516254;0.10140148392415499;0.1150874782075276;sadness;0.32857142857142857
59745;the ink spots;prisoner of love;1998;jazz;0.4758351921647052;0.24979389942291838;0.12309573632329658;sadness;0.3142857142857143
59753;maze;reachin' down inside;1998;jazz;0.3741763454093273;0.3579967023907667;0.1651390914310837;sadness;0.3142857142857143
59768;the ink spots;i'll never smile again;1998;jazz;0.3509730020767632;0.22197032151690024;0.03910912933416939;sadness;0.3142857142857143
59777;the ink spots;memories of you;1998;jazz;0.4359921031715508;0.3899422918384172;0.08675826512299482;sadness;0.3142857142857143
59820;the ink spots;address unknown;1998;jazz;0.5385739558495499;0.33738664468260515;0.18616076898497735;sadness;0.3142857142857143
59854;maze;a place in my heart;1998;jazz;0.381714227110735;0.4105523495465788;0.2262020595638222;sadness;0.3142857142857143
59886;diana krall;why should i care?;1999;jazz;0.6154911160679948;0.20239076669414674;0.18015457539815055;sadness;0.3
59892;steve tyrell;i can't get started with you;1999;jazz;0.6776658205779041;0.3023495465787304;0.3783589637634327;sadness;0.3
59937;keith jarrett;don't ever leave me;1999;jazz;0.19731815501371686;0.11273701566364386;0.008357418169616508;sadness;0.3
59966;julie london;cry me a river;1999;jazz;0.4316078250390995;0.10449299258037922;0.042612742259818315;sadness;0.3
59968;the ink spots;into each life some rain must fall;1999;jazz;0.53444606825116;0.48680956306677664;0.12309573632329658;sadness;0.3
59969;diana krall;let's fall in love;1999;jazz;0.4800399969233135;0.45589447650453424;0.16013393010872812;sadness;0.3
59997;jimmy scott;nothing compares 2 u;1999;jazz;0.5983385893392815;0.14262159934047816;0.11008231688517198;sadness;0.3
60005;cassandra wilson;time after time;1999;jazz;0.5604440684049945;0.3023495465787304;0.29627431807680077;sadness;0.3
60051;louis armstrong;cold cold heart;2000;jazz;0.5447529677204317;0.41879637262984337;0.10507715556281637;sadness;0.2857142857142857
60094;eva cassidy;kathy's song;2000;jazz;0.37997077147911695;0.3033800494641385;0.13110399443906556;sadness;0.2857142857142857
60104;carmen mcrae;whatever lola wants;2000;jazz;0.6929466964079685;0.42394888705688377;0.3893703186726151;sadness;0.2857142857142857
60127;nat king cole trio;i miss you so;2000;jazz;0.48237315078327303;0.20342126957955484;0.12109367179435432;sadness;0.2857142857142857
60187;kurt elling;blame it on my youth;2001;jazz;0.5947747609158269;0.22918384171475684;0.11909160726541208;sadness;0.2714285714285714
60192;susannah mccorkle;if i only had a heart;2001;jazz;0.6009024946798963;0.32708161582852435;0.14812154293507465;sadness;0.2714285714285714
60248;peggy lee;he's a tramp;2001;jazz;0.5290362279824627;0.21372629843363564;0.2302061886217067;sadness;0.2714285714285714
60266;diana krall;i get along without you very well;2001;jazz;0.42991564751429373;0.10552349546578729;0.09446621355942246;sadness;0.2714285714285714
60285;tony bennett;new york state of mind (with billy joel);2001;jazz;0.6363869445940056;0.24567188788128605;0.24021651126641788;sadness;0.2714285714285714
60293;eva cassidy;i can only be me;2002;jazz;0.6196702817731969;0.05204039571310799;0.2141896723901687;sadness;0.2571428571428571
60360;kirk whalum;falling in love with jesus;2002;jazz;0.6694869625413429;0.33944765045342123;0.4994838677644386;sadness;0.2571428571428571
60427;the modern jazz quartet;blues in c minor;2002;jazz;0.40494320949670537;0.31368507831821923;0.13911225255483453;sadness;0.2571428571428571
60451;art tatum;my ideal;2003;jazz;0.5355485475476245;0.43116240725474037;0.22319896277040882;sadness;0.24285714285714285
60454;bent;king wisp;2003;jazz;0.6179011870881727;0.07563891178895299;0.4624456739790071;sadness;0.24285714285714285
60471;nat king cole;it's all in the game;2003;jazz;0.5088070148450119;0.19002473206924983;0.2031783174809864;sadness;0.24285714285714285
60482;fred astaire;they can't take that away from me;2003;jazz;0.5648027074840396;0.40333882934872217;0.15813186557978587;sadness;0.24285714285714285
60507;katie melua;the closest thing to crazy;2003;jazz;0.5757762223418711;0.0849134377576257;0.2191948337125243;sadness;0.24285714285714285
60548;the rh factor;how i know;2003;jazz;0.5668538317565315;0.39818631492168177;0.32230115695304995;sadness;0.24285714285714285
60579;madeleine peyroux;no more;2004;jazz;0.5741353229238775;0.055647155812036275;0.2322082531506489;sadness;0.22857142857142856
60580;kenny g;how could an angel break my heart;2004;jazz;0.6983052585698535;0.0509068425391591;0.38836928640814394;sadness;0.22857142857142856
60609;bobby darin;the curtain falls;2004;jazz;0.5027818372945669;0.2920445177246496;0.19416902710074624;sadness;0.22857142857142856
60655;diana krall;narrow daylight;2004;jazz;0.5766735892110864;0.24154987633965377;0.19316799483627514;sadness;0.22857142857142856
60662;renee olstead;breaking up is hard to do;2004;jazz;0.6365407789144424;0.11170651277823579;0.25222889844007135;sadness;0.22857142857142856
60674;chris botti;no ordinary love;2004;jazz;0.48239878983667916;0.3384171475680132;0.2762536727873783;sadness;0.22857142857142856
60677;brad mehldau trio;everything in its right place;2004;jazz;0.4748352690818654;0.2044517724649629;0.33231147959776114;sadness;0.22857142857142856
60688;zero 7;warm sound;2004;jazz;0.6627695305489321;0.08594394064303379;0.3893703186726151;sadness;0.22857142857142856
60695;chris botti;when i fall in love;2004;jazz;0.45896469502345966;0.06708573784006595;0.151124639728488;sadness;0.22857142857142856
60752;johnny mathis;a certain smile;2004;jazz;0.6570263825859548;0.20032976092333057;0.33731664092011676;sadness;0.22857142857142856
60886;chris botti;are you lonesome tonight?;2005;jazz;0.4648616773068738;0.10758450123660346;0.051021413281375744;sadness;0.21428571428571427
60966;juliana aquino;i will survive;2006;jazz;0.6589749506448221;0.3683017312448475;0.4654487707724205;sadness;0.2
61049;madeleine peyroux;smile;2006;jazz;0.5175242930031022;0.15704863973619126;0.1951700593652174;sadness;0.2
61057;pink martini;aspettami;2006;jazz;0.5685716483347434;0.1673536685902721;0.09386559420073978;sadness;0.2
61073;madeleine peyroux;california rain;2006;jazz;0.519729251596031;0.4651690024732069;0.2302061886217067;sadness;0.2
61144;abbey lincoln;throw it away;2007;jazz;0.6032612875932619;0.21990931574608408;0.24822476938218688;sadness;0.18571428571428572
61161;herbie hancock;river;2007;jazz;0.5993128733687152;0.20239076669414674;0.2272030918282933;sadness;0.18571428571428572
61192;stacey kent;never let me go;2007;jazz;0.38353459990257155;0.10758450123660346;0.09466642001231669;sadness;0.18571428571428572
61201;sara gazarek;and so it goes;2007;jazz;0.39238007332769276;0.19105523495465787;0.022091580838160308;sadness;0.18571428571428572
61230;the dear hunter;blood of the rose;2007;jazz;0.6507191754480424;0.2941055234954658;0.20217728521651523;sadness;0.18571428571428572
61269;ethel waters;stormy weather;2008;jazz;0.5690844294028664;0.35490519373454243;0.151124639728488;sadness;0.17142857142857143
61274;eva cassidy;blue eyes crying in the rain;2008;jazz;0.5181139912314436;0.4260098928277001;0.06143214883187542;sadness;0.17142857142857143
61285;kirk whalum;when can i see you;2008;jazz;0.6818449862831064;0.20754328112118714;0.347326963564828;sadness;0.17142857142857143
61300;lizz wright;speak your heart;2008;jazz;0.5944927313283592;0.1354080791426216;0.21719276918358207;sadness;0.17142857142857143
61326;carol welsman;memories of you;2008;jazz;0.5559059559521062;0.1354080791426216;0.09917106520243674;sadness;0.17142857142857143
61329;nicole henry;make it last;2008;jazz;0.5797246365664179;0.07203215169002472;0.20618141427439976;sadness;0.17142857142857143
61396;the dear hunter;son;2009;jazz;0.6667948619336973;0.07347485572959603;0.3253042537464633;sadness;0.15714285714285714
61400;sophie milman;i can't make you love me;2009;jazz;0.6433351280670717;0.2333058532563891;0.34031973771353013;sadness;0.15714285714285714
61432;melody gardot;deep within the corners of my mind;2009;jazz;0.527677358151937;0.1395300906842539;0.2091845110678131;sadness;0.15714285714285714
61444;boozoo bajou;same sun;2009;jazz;0.6003640745583673;0.3456306677658697;0.36434451206083707;sadness;0.15714285714285714
61448;susan wong;everytime you go away;2009;jazz;0.6266697433530753;0.3775762572135202;0.249225801646658;sadness;0.15714285714285714
61487;diana krall;walk on by;2009;jazz;0.4905520088198343;0.3672712283594394;0.19817315615863076;sadness;0.15714285714285714
61545;harry connick, jr.;can't help falling in love with you;2009;jazz;0.5407019972822602;0.1642621599340478;0.22019586597699545;sadness;0.15714285714285714
61560;melody gardot;lover undercover;2009;jazz;0.5266261569622849;0.08285243198680957;0.1811556076626217;sadness;0.15714285714285714
61562;the dear hunter;writing on a wall;2009;jazz;0.6824346845114477;0.06296372629843362;0.4003816735817975;sadness;0.15714285714285714
61608;katie melua;no fear of heights;2010;jazz;0.564187370202292;0.3260511129431163;0.2922701890189162;sadness;0.14285714285714285
61673;kenny g;fall again;2010;jazz;0.6877419685665205;0.3456306677658697;0.49247664191314083;sadness;0.14285714285714285
61883;jo stafford;red river valley;2011;jazz;0.5223700740968643;0.0690436933223413;0.12109367179435432;sadness;0.12857142857142856
61889;big bad voodoo daddy;it only took a kiss;2012;jazz;0.5579827192780042;0.19208573784006594;0.2191948337125243;sadness;0.11428571428571428
62029;peter appleyard;smile;2012;jazz;0.47898879573366143;0.1251030502885408;0.22920515635723554;sadness;0.11428571428571428
62064;eva cassidy;you take my breath away;2012;jazz;0.6427967079455426;0.3476916735366859;0.13510812349695006;sadness;0.11428571428571428
62140;snarky puppy;too hot to last;2013;jazz;0.5673666128246545;0.10758450123660346;0.2502268339111291;sadness;0.1
62171;jan lundgren trio;almas vaggvisa;2013;jazz;0.25359587724021226;0.179719703215169;0.035405309955626234;sadness;0.1
62174;christian mcbride;i have dreamed;2013;jazz;0.36999717970412527;0.13231657048639736;0.08615764576431215;sadness;0.1
62214;bonobo;pieces;2013;jazz;0.6082609030074608;0.09212695795548227;0.43842089963170006;sadness;0.1
62215;joomanji;impediment (feat. lindsay olsen);2013;jazz;0.5981847550188446;0.42497938994229184;0.31329186657280983;sadness;0.1
62268;kandace springs;forbidden fruit;2014;jazz;0.6035945952875419;0.07058944765045341;0.1821566399270928;sadness;0.08571428571428572
62299;diana krall;california dreamin';2014;jazz;0.5822372638002205;0.179719703215169;0.2031783174809864;sadness;0.08571428571428572
62302;leslie odom jr.;love look away;2014;jazz;0.6419762582365458;0.40127782357790603;0.4033847703752108;sadness;0.08571428571428572
62308;mndsgn;exchanging;2014;jazz;0.4421454759890264;0.04668178070898598;0.16914322048896818;sadness;0.08571428571428572
62349;diana krall;alone again (naturally);2014;jazz;0.611055559828731;0.22197032151690024;0.208183478803342;sadness;0.08571428571428572
62352;dean martin;from the bottom of my heart;2014;jazz;0.6042612106761018;0.3250206100577081;0.24422064032430238;sadness;0.08571428571428572
62385;thievery corporation;no more disguise (feat. lou lou ghelichkhani);2014;jazz;0.6401046073378971;0.4023083264633141;0.4814652870039584;sadness;0.08571428571428572
62395;kalabrese;kafi lied (feat. sarah palin);2014;jazz;0.5762120862497756;0.3105935696619951;0.45944257718559367;sadness;0.08571428571428572
62534;hiatus kaiyote;fingerprints;2015;jazz;0.6267466605132939;0.3105935696619951;0.23721341447300454;sadness;0.07142857142857142
62557;moonchild;all the joy;2015;jazz;0.5660590211009409;0.22093981863149217;0.21218760786122648;sadness;0.07142857142857142
62600;bonobo;break apart;2016;jazz;0.5252929261851651;0.06306677658697443;0.45844154492112255;sadness;0.05714285714285714
62642;melody gardot;he's a tramp;2016;jazz;0.646847678383714;0.40127782357790603;0.33231147959776114;sadness;0.05714285714285714
62671;the dear hunter;regress;2016;jazz;0.5675460861984976;0.07223825226710634;0.24422064032430238;sadness;0.05714285714285714
62775;tricky;the only way;2017;jazz;0.6955618798553957;0.07873042044517724;0.4214033511356911;sadness;0.04285714285714286
62802;boney james;if i can?t hold you;2017;jazz;0.6733071814988589;0.15189612530915086;0.4644477385079493;sadness;0.04285714285714286
62806;moonchild;doors closing;2017;jazz;0.5702638258595492;0.43425391591096457;0.31028876977939646;sadness;0.04285714285714286
62833;moonchild;hideaway;2017;jazz;0.6501551162731072;0.46413849958779885;0.2552319952334847;sadness;0.04285714285714286
62869;jos‚ james;they can?t take that away from me;2017;jazz;0.6606414891162218;0.26731244847485575;0.2672443824071382;sadness;0.04285714285714286
62883;nai palm;crossfire / so into you;2017;jazz;0.6973309745404199;0.36417971970321517;0.36734760885425055;sadness;0.04285714285714286
62896;magnus lindgren;theme for laura;2017;jazz;0.5661102992077531;0.1529266281945589;0.21519070465463982;sadness;0.04285714285714286
62898;anita baker;whatever it takes;2017;jazz;0.6145424710919672;0.3950948062654576;0.4163981898133355;sadness;0.04285714285714286
62942;gregory porter;smile;2017;jazz;0.529754121477835;0.05245259686727122;0.21218760786122648;sadness;0.04285714285714286
63004;renee olstead;i fall to pieces;2018;jazz;0.5653667666589749;0.322959604286892;0.06243318109634654;sadness;0.02857142857142857
63059;john surman;autumn nocturne;2018;jazz;0.4286080557905801;0.048227535037098104;0.10407612329834526;sadness;0.02857142857142857
63069;ajmw;cushty;2018;jazz;0.6130554059944107;0.26422093981863154;0.2352113499440623;sadness;0.02857142857142857
