id;artist_name;track_name;release_date;genre;danceability;energy
201;bill haley & his comets;come rock with me;1956;pop;0.7736380374742771;0.7477398693532771
584;ricky nelson;don't leave me;1959;pop;0.7541427488356981;0.8608565152385138
726;neil sedaka;oh! carol;1959;pop;0.7216506011047331;0.7347264499151526
1013;neil sedaka;breaking up is hard to do;1960;pop;0.7378966749702156;0.7997935471057754
1178;sue thompson;paper tiger;1961;pop;0.7194844579226687;0.7367285144440947
1521;chris montez;rocking blues;1962;pop;0.7043214556482185;0.8648606442963984
1618;chubby checker;limbo rock;1962;pop;0.7400628181522799;0.894891612230532
1682;dee dee sharp;gravy (for my mashed potatoes);1962;pop;0.7920502545218239;0.7987925148413042
1704;the beach boys;our car club;1963;pop;0.7335643886060871;0.8108049020149578
1871;frankie valli & the four seasons;stay;1963;pop;0.7303151738329904;0.7507429661466903
4189;simon & garfunkel;why don't you write me;1970;pop;0.7400628181522799;0.7717646437005838
4485;the fortunes;here comes that rainy day feeling again;1971;pop;0.7498104624715695;0.7086996110389032
4618;gilbert o'sullivan;too much attention;1971;pop;0.831040831798982;0.7517439984111614
4841;gilbert o'sullivan;save it;1972;pop;0.8039640420231778;0.8478430958003893
5034;can;spoon;1972;pop;0.71515217155854;0.8047987084281311
5061;harry nilsson;you're breakin' my heart;1972;pop;0.7313982454240225;0.845841031271447
5186;ringo starr;have you seen my baby;1973;pop;0.7075706704213148;0.722714062741499
5511;the hollies;falling calling;1974;pop;0.7064875988302828;0.7177089014191435
6229;bryan ferry;let's stick together;1976;pop;0.7833856817935667;0.8928895477015898
6363;boz scaggs;love me tomorrow;1976;pop;0.7346474601971191;0.7016923851876053
6936;michael jackson;you can't win;1978;pop;0.71515217155854;0.8568523861806293
6987;suzi quatro;stumblin' in;1978;pop;0.7573919636087945;0.7237150950059701
7127;mental as anything;the nips are getting bigger;1979;pop;0.824542402252789;0.7036944497165476
7145;donna summer;walk away;1979;pop;0.8364561897541429;0.8568523861806293
7179;john mellencamp;a little night dancin;1979;pop;0.7573919636087945;0.7167078691546722
7189;the tubes;prime time;1979;pop;0.7054045272392505;0.8828792250568785
7205;donna summer;one night in a lifetime;1979;pop;0.9393479909021987;0.8878843863792342
7210;sister sledge;one more time;1979;pop;0.7184013863316365;0.8298245150399092
7260;sister sledge;lost in music;1979;pop;0.7541427488356981;0.8418369022135626
7478;sister sledge;got to love somebody;1980;pop;0.7335643886060871;0.8968936767594742
7533;yoko ono;kiss kiss kiss;1980;pop;0.8169609011155637;0.7437357402953926
7562;yoko ono;i'm moving on;1980;pop;0.7238167442867974;0.7487409016177482
7578;andy gibb;after dark;1980;pop;0.7530596772446659;0.7357274821796236
7779;peter gabriel;i don't remember;1980;pop;0.7281490306509262;0.8608565152385138
7817;brian eno;the jezebel spirit;1981;pop;0.7638903931549876;0.9169143220488967
7916;rick springfield;human touch;1981;pop;0.7346474601971191;0.8818781927924073
8011;orchestral manoeuvres in the dark;souvenir;1981;pop;0.7357305317881513;0.7427347080309215
8053;oingo boingo;perfect system;1981;pop;0.7259828874688617;0.8778740637345229
8080;oingo boingo;on the outside;1981;pop;0.7184013863316365;0.763756385584815
8288;john mellencamp;hand to hold on to;1982;pop;0.7443951045164087;0.8428379344780338
8299;abc;poison arrow;1982;pop;0.7303151738329904;0.8768730314700517
8309;missing persons;walking in l.a.;1982;pop;0.702155312466154;0.7737667082295262
8345;don henley;dirty laundry;1982;pop;0.7563088920177624;0.779772901816353
8440;glenn frey;partytown;1982;pop;0.7054045272392505;0.7006913529231342
8447;roxy music;the space between;1982;pop;0.7075706704213148;0.8418369022135626
8503;spandau ballet;gold;1983;pop;0.7173183147406045;0.8027966438991888
8532;the b-52's;butterbean;1983;pop;0.7703888227011806;0.8568523861806293
8577;the fixx;one thing leads to another;1983;pop;0.7768872522473736;0.9569556126277415
8648;culture club;miss me blind;1983;pop;0.7649734647460198;0.8168110956017844
8653;cyndi lauper;the goonies 'r' good enough;1983;pop;0.7032383840571862;0.8858823218502919
8654;john mellencamp;crumblin' down;1983;pop;0.7801364670204701;0.9059029671397144
8779;the fixx;saved by zero;1983;pop;0.7411458897433121;0.7917852889900063
8836;gloria estefan;get on your feet;1984;pop;0.7184013863316365;0.878875095998994
8865;matt bianco;half a minute;1984;pop;0.766056536337052;0.7016923851876053
8871;billy ocean;loverboy;1984;pop;0.772554965883245;0.8978947090239454
8882;the cars;jacki;1984;pop;0.701072240875122;0.7437357402953926
8884;chaka khan;this is my night;1984;pop;0.7238167442867974;0.8738699346766384
8937;"""weird al"" yankovic";king of suede;1984;pop;0.7779703238384058;0.8088028374860154
8976;"""weird al"" yankovic";eat it;1984;pop;0.7465612476984729;0.7687615469071706
9001;howard jones;new song;1984;pop;0.7487273908805373;0.7167078691546722
9083;gloria estefan;1-2-3;1984;pop;0.7519766056536337;0.8558513539161582
9137;tina turner;one of the living;1985;pop;0.7032383840571862;0.9099070961975989
9211;thompson twins;breakaway;1985;pop;0.7584750351998268;0.7737667082295262
9220;thompson twins;lay your hands on me;1985;pop;0.7487273908805373;0.7147058046257301
9245;modern talking;you're the lady of my heart;1985;pop;0.8483699772554967;0.8368317408912069
9263;the replacements;waitress in the sky;1985;pop;0.7422289613343442;0.7127037400967878
9362;john mellencamp;between a laugh and a tear;1985;pop;0.7400628181522799;0.7237150950059701
9417;simply red;money's too tight;1985;pop;0.7573919636087945;0.8138079988083711
9435;babyface;i love you babe;1986;pop;0.7628073215639554;0.7807739340808241
9438;madonna;love makes the world go round;1986;pop;0.772554965883245;0.7597522565269305
9463;"""weird al"" yankovic";living with a hernia;1986;pop;0.8548684068016896;0.8178121278662557
9472;they might be giants;put your hand inside the puppet head;1986;pop;0.7259828874688617;0.7757687727584685
9536;grace jones;i'm not perfect (but i'm perfect for you);1986;pop;0.720567529513701;0.8398348376846204
9556;the b-52's;summer of love;1986;pop;0.766056536337052;0.9279256769580791
9685;tina turner;typical male;1986;pop;0.7584750351998268;0.7457378048243348
9732;pet shop boys;rent;1987;pop;0.701072240875122;0.7477398693532771
9778;johnny clegg;scatterlings of africa;1987;pop;0.798548684068017;0.8818781927924073
9844;ll cool j;get down;1987;pop;0.8321239033900141;0.7657584501137572
9917;michael jackson;dirty diana;1987;pop;0.7389797465612479;0.8158100633373133
9938;michael jackson;leave me alone;1987;pop;0.8537853352106575;0.9579566448922128
9948;john mellencamp;cherry bomb;1987;pop;0.7552258204267303;0.9379359996027904
9953;tiffany;i think we're alone now;1987;pop;0.7508935340626016;0.7277192240638546
9961;level 42;lessons in love;1987;pop;0.7032383840571862;0.8438389667425048
10001;rick astley;whenever you need somebody;1987;pop;0.7075706704213148;0.9479463222475016
10026;michael jackson;al capone;1987;pop;0.7931333261128561;0.8898864509081764
10028;whitney houston;love will save the day;1987;pop;0.7541427488356981;0.844839999006976
10069;sheena easton;the lover in me;1988;pop;0.8191270442976281;0.8088028374860154
10105;paula abdul;knocked out;1988;pop;0.7248998158778296;0.779772901816353
10141;paula abdul;state of attraction;1988;pop;0.7476443192895051;0.7437357402953926
10198;fine young cannibals;i'm not satisfied;1988;pop;0.7747211090653093;0.8047987084281311
10285;paula abdul;straight up;1988;pop;0.766056536337052;0.8268214182464957
10300;paula abdul;opposites attract;1988;pop;0.7812195386115022;0.8428379344780338
10327;kylie minogue;i should be so lucky;1988;pop;0.7313982454240225;0.967966967536924
10335;rick astley;take me to your heart;1988;pop;0.7443951045164087;0.8358307086267358
10363;paula abdul;the way that you love me;1988;pop;0.7638903931549876;0.8528482571227448
10415;don henley;how bad do you want it?;1989;pop;0.7032383840571862;0.8798761282634652
10477;jody watley;real love;1989;pop;0.7032383840571862;0.7407326435019792
10583;janet jackson;black cat;1989;pop;0.701072240875122;0.9129101929910123
10656;babyface;tender lover;1989;pop;0.7378966749702156;0.8608565152385138
10664;janet jackson;state of the world;1989;pop;0.7454781761074407;0.844839999006976
10672;xtc;king for a day;1989;pop;0.7324813170150547;0.8598554829740428
10679;pixies;dead;1989;pop;0.7248998158778296;0.7107016755678455
10709;the b-52's;deadbeat club;1989;pop;0.7097368136033794;0.8258203859820246
10719;new kids on the block;games;1990;pop;0.7530596772446659;0.8638596120319272
10949;ice cube;jackin' for beats;1990;pop;0.8776129102133652;0.8108049020149578
11019;mariah carey;you're so cold;1991;pop;0.7270659590598939;0.7857790954031797
11200;simply red;stars;1991;pop;0.7086537420123471;0.8188131601307267
11207;naughty by nature;uptown anthem;1991;pop;0.824542402252789;0.7237150950059701
11235;mariah carey;emotions;1991;pop;0.7357305317881513;0.7527450306756326
11239;michael jackson;remember the time;1991;pop;0.8332069749810462;0.9219194833712523
11272;paula abdul;the promise of a new day;1991;pop;0.7498104624715695;0.8208152246596689
11451;madonna;fever;1992;pop;0.7758041806563415;0.7277192240638546
11462;ice cube;gangsta's fairytale 2;1992;pop;0.7584750351998268;0.763756385584815
11484;ice cube;now i gotta wet 'cha;1992;pop;0.7487273908805373;0.8248193537175535
11513;mary j. blige;leave a message;1992;pop;0.824542402252789;0.8338286440977936
11584;mary j. blige;real love;1992;pop;0.766056536337052;0.7817749663452951
11587;ice cube;it was a good day;1992;pop;0.7952994692949203;0.7487409016177482
11590;en vogue;free your mind;1992;pop;0.7617242499729233;0.8318265795688513
11624;whitney houston;something in common;1992;pop;0.7768872522473736;0.746738837088806
11639;bobby brown;get away;1992;pop;0.8169609011155637;0.7657584501137572
11724;mc lyte;ruffneck;1993;pop;0.701072240875122;0.902899870346301
11765;lucky dube;remember me;1993;pop;0.7238167442867974;0.7036944497165476
11774;ice cube;really doe;1993;pop;0.7703888227011806;0.7377295467085658
11823;jamiroquai;emergency on planet earth;1993;pop;0.7400628181522799;0.8418369022135626
11857;ace of base;don't turn around;1993;pop;0.7400628181522799;0.7717646437005838
11875;snoop dogg;g funk (intro);1993;pop;0.7736380374742771;0.8978947090239454
11893;snoop dogg;ain't no fun (if the homies cant have none) (feat. nate dogg, warren g & kurupt);1993;pop;0.8429546193003358;0.7987925148413042
11934;a tribe called quest;clap your hands;1993;pop;0.8288746886169177;0.7757687727584685
12060;the notorious b.i.g.;friend of mine;1994;pop;0.7812195386115022;0.8128069665439001
12176;gang starr;mass appeal;1994;pop;0.8082963283873064;0.7267181917993835
12277;changing faces;stroke you up;1994;pop;0.7238167442867974;0.7317233531217391
12303;the notorious b.i.g.;unbelievable;1994;pop;0.766056536337052;0.7917852889900063
12309;scarface;no tears;1994;pop;0.8862774829416226;0.8188131601307267
12368;raekwon;criminology;1995;pop;0.7043214556482185;0.7267181917993835
12410;michael jackson;d.s.;1995;pop;0.896025127260912;0.9149122575199545
12442;michael jackson;tabloid junkie;1995;pop;0.8147947579334995;0.8778740637345229
12464;ace of base;beautiful life;1995;pop;0.7443951045164087;0.9889886450908175
12754;dave matthews band;so much to say;1996;pop;0.7075706704213148;0.7807739340808241
12781;702;steelo;1996;pop;0.7693057511101484;0.7367285144440947
12791;backstreet boys;as long as you love me;1996;pop;0.772554965883245;0.8168110956017844
12794;backstreet boys;quit playing games (with my heart);1996;pop;0.7996317556590492;0.8758719992055807
12830;mc lyte;cold rock a party;1996;pop;0.9036066283981371;0.7447367725598638
13101;the notorious b.i.g.;mo money mo problems;1997;pop;0.8483699772554967;0.8848812895858208
13109;aqua;barbie girl;1997;pop;0.8147947579334995;0.9559545803632704
13131;smash mouth;walkin' on the sun;1997;pop;0.7400628181522799;0.9729721288592795
13147;jermaine dupri;welcome to atlanta;1997;pop;0.7823026102025344;0.7627553533203438
13164;the notorious b.i.g.;mo money mo problems (feat. mase & puff daddy);1997;pop;0.8353731181631107;0.9299277414870214
13219;ace of base;cruel summer;1998;pop;0.7140690999675079;0.8428379344780338
13225;total;trippin';1998;pop;0.7487273908805373;0.8318265795688513
13227;outkast;da art of storytellin' (pt. 2);1998;pop;0.7119029567854437;0.9259236124291369
13281;dmx;fuckin' wit' d;1998;pop;0.8862774829416226;0.7957894180478909
13312;juvenile;gone ride with me;1998;pop;0.7086537420123471;0.7807739340808241
13317;des'ree;life;1998;pop;0.7140690999675079;0.7407326435019792
13334;gang starr;work;1998;pop;0.785551824975631;0.8328276118333225
13369;the offspring;pretty fly (for a white guy);1998;pop;0.71515217155854;0.9018988380818298
13418;n.o.r.e.;superthug;1998;pop;0.8483699772554967;0.9219194833712523
13426;dmx;damien;1998;pop;0.8267085454348533;0.729721288592797
13438;blur;coffee and tv;1998;pop;0.7270659590598939;0.7817749663452951
13556;beck;mixed bizness;1999;pop;0.766056536337052;0.9149122575199545
13587;c‚line dion;love can move mountains;1999;pop;0.7259828874688617;0.8748709669411097
13590;project pat;niggas got me fucked up;1999;pop;0.8624499079389149;0.7417336757664503
13619;citizen king;better days (and the bottom drops out);1999;pop;0.7541427488356981;0.8968936767594742
13687;702;where my girls at;1999;pop;0.7119029567854437;0.7367285144440947
13751;jay z;anything;1999;pop;0.8169609011155637;0.7517439984111614
13789;big pun;100% (feat. tony sunshine) (feat. tony sunshine);2000;pop;0.8072132567962743;0.7697625791716417
13793;jay z;hey papi;2000;pop;0.7747211090653093;0.8768730314700517
13835;project pat;red rum;2000;pop;0.7303151738329904;0.7337254176506813
13866;shaggy;hope;2000;pop;0.7758041806563415;0.756749159733517
13877;three 6 mafia;weak azz b***h (feat. la chat);2000;pop;0.876529838622333;0.9659649030079817
13901;e-40;nah, nah... (feat. nate dogg);2000;pop;0.8321239033900141;0.8208152246596689
13906;backstreet boys;the answer to our life;2000;pop;0.7140690999675079;0.7577501919979882
13917;big tymers;get your roll on;2000;pop;0.87003140907614;0.7036944497165476
14057;*nsync;just got paid;2000;pop;0.8093793999783387;0.7737667082295262
14066;missy elliott;get ur freak on;2001;pop;0.7779703238384058;0.7877811599321219
14079;gorillaz;re-hash;2001;pop;0.8397054045272394;0.7907842567255353
14119;enrique iglesias;escape;2001;pop;0.7779703238384058;0.8328276118333225
14132;trick daddy;take it to da house (feat. the slip n' slide express);2001;pop;0.9447633488573597;0.7597522565269305
14150;missy elliott;lick shots;2001;pop;0.9014404852160729;0.7617543210558726
14181;project pat;if you ain't from my hood (feat. dj paul & juicy j);2001;pop;0.9252680602187805;0.8728689024121673
14256;jermaine dupri;welcome to atlanta (feat. ludacris);2001;pop;0.7465612476984729;0.7867801276676507
14278;fat joe;what's luv? (feat. ja-rule & ashanti);2001;pop;0.837539261345175;0.7076985787744322
14298;no doubt;underneath it all;2001;pop;0.7227336726957654;0.7317233531217391
14304;p!nk;get the party started;2001;pop;0.8017978988411135;0.9049019348752433
14341;fabolous;young'n;2001;pop;0.9436802772663273;0.7287202563283257
14500;justin timberlake;(oh no) what you got;2002;pop;0.811545543160403;0.7837770308742373
14569;jennifer lopez;jenny from the block;2002;pop;0.8472869056644646;0.7547470952045748
14582;maroon 5;this love;2002;pop;0.7064875988302828;0.8598554829740428
14600;cam?ron;oh boy;2002;pop;0.7454781761074407;0.7717646437005838
14633;bow wow;basketball;2002;pop;0.8873605545326546;0.779772901816353
14639;2pac;they don't give a f**** about us;2002;pop;0.8429546193003358;0.7397316112375082
14663;scarface;on my block;2002;pop;0.8353731181631107;0.9189163865778389
14699;mark ronson;ooh wee (feat. ghostface killah, nate dogg, trife & saigon);2003;pop;0.720567529513701;0.9619607739500972
14753;50 cent;blood hound;2003;pop;0.806130185205242;0.9059029671397144
14845;fruit bats;when u love somebody;2003;pop;0.7162352431495722;0.763756385584815
14891;kelis;milkshake;2003;pop;0.8981912704429763;0.7707636114361128
14910;ludacris;splash waterfalls;2003;pop;0.7032383840571862;0.8438389667425048
14968;50 cent;wanksta;2003;pop;0.8104624715693709;0.8688647733542828
14988;lindsay lohan;rumors;2004;pop;0.8992743420340086;0.7647574178492861
14995;simply red;sunrise;2004;pop;0.7866348965666631;0.7287202563283257
15000;lil wayne;this is the carter;2004;pop;0.8472869056644646;0.8548503216516872
15004;the cheetah girls;cheetah sisters;2004;pop;0.7465612476984729;0.7687615469071706
15016;good charlotte;i just wanna live;2004;pop;0.8028809704321456;0.8308255473043802
15113;britney spears;do somethin';2004;pop;0.8483699772554967;0.9359339350738481
15154;diddy;all about the benjamins;2004;pop;0.8267085454348533;0.7257171595349123
15174;gwen stefani;hollaback girl;2004;pop;0.9274342034008448;0.9189163865778389
15186;gwen stefani;rich girl;2004;pop;0.8592006931658184;0.7477398693532771
15213;jay z;big pimpin' / papercut;2004;pop;0.7617242499729233;0.9389370318672614
15217;kelly clarkson;walk away;2004;pop;0.7454781761074407;0.8888854186437053
15287;the pussycat dolls;wait a minute;2005;pop;0.8754467670313009;0.8538492893872159
15374;common;go!;2005;pop;0.8451207624824002;0.7757687727584685
15418;kanye west;heard 'em say;2005;pop;0.7303151738329904;0.7026934174520766
15423;jennifer lopez;get right;2005;pop;0.7357305317881513;0.7597522565269305
15461;shakira;la tortura (feat. alejandro sanz);2005;pop;0.7346474601971191;0.7837770308742373
15479;the pussycat dolls;beep;2005;pop;0.9577602079497456;0.7327243853862102
15553;"tito ""el bambino""";flow natural;2006;pop;0.8332069749810462;0.7897832244610642
15590;juvenile;back that thang up;2006;pop;0.8332069749810462;0.7527450306756326
15612;the cheetah girls;the party's just begun;2006;pop;0.7465612476984729;0.845841031271447
15638;petey pablo;show me the money;2006;pop;0.8678652658940756;0.7727656759650551
15653;lloyd banks;hands up;2006;pop;0.7996317556590492;0.8808771605279363
15700;billy talent;fallen leaves;2006;pop;0.702155312466154;0.8118059342794288
15740;nelly furtado;maneater;2006;pop;0.7097368136033794;0.7777708372874107
15771;fergie;glamorous;2006;pop;0.8104624715693709;0.7487409016177482
15781;youngbloodz;snap yo fingers;2006;pop;0.837539261345175;0.7577501919979882
15839;troy;get'cha head in the game;2006;pop;0.889526697714719;0.8958926444950032
15862;huey lewis & the news;back in time;2006;pop;0.7541427488356981;0.8358307086267358
15896;david guetta;love is gone;2007;pop;0.7703888227011806;0.8138079988083711
15922;zac efron;what time is it;2007;pop;0.7422289613343442;0.9169143220488967
16009;september;cry for you;2007;pop;0.7736380374742771;0.878875095998994
16012;pinback;good to sea;2007;pop;0.7714718942922129;0.7767698050229395
16020;t-pain;church;2007;pop;0.7931333261128561;0.8198141923951979
16022;tegan and sara;back in your head;2007;pop;0.7476443192895051;0.7997935471057754
16095;dmx;x gon' give it to ya;2007;pop;0.7573919636087945;0.8998967735528877
16170;timbaland;give it to me;2007;pop;0.9870031409076141;0.7237150950059701
16199;eve;tambourine;2007;pop;0.8267085454348533;0.8558513539161582
16218;akon;keep you much longer;2008;pop;0.7054045272392505;0.9459442577185593
16253;lady gaga;beautiful, dirty, rich;2008;pop;0.7888010397487275;0.9099070961975989
16300;three 6 mafia;that's right;2008;pop;0.8223762590707246;0.7076985787744322
16343;wiz khalifa;say yeah;2008;pop;0.7465612476984729;0.8068007729570732
16350;hot chip;ready for the floor;2008;pop;0.7606411783818912;0.7597522565269305
16378;the ting tings;shut up and let me go;2008;pop;0.8559514783927218;0.9279256769580791
16380;will.i.am;i like to move it;2008;pop;0.8451207624824002;0.7917852889900063
16410;jesse mccartney;how do you sleep?;2008;pop;0.7443951045164087;0.8728689024121673
16417;shwayze;corona and lime;2008;pop;0.8678652658940756;0.755748127469046
16432;lady gaga;poker face;2008;pop;0.8494530488465288;0.8158100633373133
16441;the all-american rejects;gives you hell;2008;pop;0.7064875988302828;0.7257171595349123
16454;natasha bedingfield;pocketful of sunshine;2008;pop;0.7140690999675079;0.8808771605279363
16480;high school musical cast;a night to remember;2008;pop;0.7974656124769848;0.9049019348752433
16485;the ting tings;that's not my name;2008;pop;0.7508935340626016;0.9018988380818298
16510;p!nk;funhouse;2008;pop;0.7909671829307918;0.8658616765608694
16551;kid cudi;enter galactic (love connection part i);2009;pop;0.7671396079280841;0.7167078691546722
16583;twista;wetter (calling you daddy);2009;pop;0.798548684068017;0.7086996110389032
16602;kid cudi;simple as...;2009;pop;0.8017978988411135;0.7537460629401037
16609;kid cudi;make her say;2009;pop;0.940431062493231;0.7177089014191435
16618;lil scrappy;no problem;2009;pop;0.8624499079389149;0.7317233531217391
16626;uncle kracker;good to be me (feat. kid rock);2009;pop;0.7963825408859527;0.8998967735528877
16663;wale;chillin;2009;pop;0.7552258204267303;0.9129101929910123
16721;lily allen;fuck you;2009;pop;0.772554965883245;0.9049019348752433
16726;lmfao;shots;2009;pop;0.824542402252789;0.8268214182464957
16750;generationals;when they fight, they fight;2009;pop;0.7508935340626016;0.8988957412884165
16778;the black eyed peas;i gotta feeling;2009;pop;0.7357305317881513;0.7487409016177482
16982;twista;make a movie;2010;pop;0.8494530488465288;0.7747677404939973
17003;maroon 5;give a little more;2010;pop;0.7487273908805373;0.8248193537175535
17065;justin bieber;somebody to love;2010;pop;0.7064875988302828;0.8098038697504867
17091;prince royce;stand by me;2010;pop;0.7313982454240225;0.8218162569241401
17108;taio cruz;dynamite;2010;pop;0.7498104624715695;0.8047987084281311
17113;jason derulo;in my head;2010;pop;0.7584750351998268;0.7487409016177482
17131;shakira;waka waka (this time for africa) [the official 2010 fifa world cup (tm) song];2010;pop;0.7628073215639554;0.8738699346766384
17182;mac miller;kool aid and frozen pizza;2010;pop;0.7075706704213148;0.7657584501137572
17185;adele;rolling in the deep;2010;pop;0.7238167442867974;0.7707636114361128
17191;kesha;blah blah blah (feat. 3oh!3);2010;pop;0.7476443192895051;0.8368317408912069
17256;travis barker;let's go;2011;pop;0.7108198851944114;0.9099070961975989
17283;big sean;dance (a$$) remix;2011;pop;0.785551824975631;0.730722320857268
17289;rihanna;we found love;2011;pop;0.7281490306509262;0.7667594823782282
17346;mandisa;good morning;2011;pop;0.798548684068017;0.8838802573213497
17351;selena gomez;shake it up;2011;pop;0.7378966749702156;0.7987925148413042
17360;rihanna;where have you been;2011;pop;0.7119029567854437;0.8478430958003893
17418;alexandra stan;mr. saxobeat;2011;pop;0.7032383840571862;0.9289267092225502
17434;nicki minaj;starships;2011;pop;0.7422289613343442;0.7167078691546722
17445;foster the people;pumped up kicks;2011;pop;0.7270659590598939;0.7107016755678455
17535;nicki minaj;pound the alarm;2011;pop;0.7216506011047331;0.8588544507095716
17602;tyga;make it nasty;2012;pop;0.902523556807105;0.7247161272704413
17628;maroon 5;payphone;2012;pop;0.7292321022419582;0.756749159733517
17631;bruno mars;natalie;2012;pop;0.7563088920177624;0.7337254176506813
17635;taylor swift;stay stay stay;2012;pop;0.720567529513701;0.7537460629401037
17638;brad knauber;don't mine at night;2012;pop;0.7184013863316365;0.8528482571227448
17696;nicki minaj;roman holiday;2012;pop;0.7974656124769848;0.7437357402953926
17706;kesha;crazy kids;2012;pop;0.7368136033791834;0.706697546509961
17707;travis porter;bring it back;2012;pop;0.9555940647676813;0.7607532887914016
17714;wiz khalifa;remember you (feat. the weeknd);2012;pop;0.7194844579226687;0.7757687727584685
17928;a$ap rocky;r;2013;pop;0.7064875988302828;0.7657584501137572
17945;atlas genius;trojans;2013;pop;0.7140690999675079;0.8228172891886113
17959;tyga;molly;2013;pop;0.831040831798982;0.7827759986097663
17987;kyle;sex & super smash bros.;2013;pop;0.7465612476984729;0.7847780631387086
18047;steve aoki;boneless;2013;pop;0.7378966749702156;0.9629618062145684
18048;major lazer;watch out for this (bumaye);2013;pop;0.8202101158886603;0.7597522565269305
18055;the 1975;heart out;2013;pop;0.7097368136033794;0.8158100633373133
18129;kanye west;black skinhead;2013;pop;0.772554965883245;0.8238183214530823
18218;twenty one pilots;screen;2013;pop;0.7108198851944114;0.7147058046257301
18233;bts;we are bulletproof pt.2;2013;pop;0.7498104624715695;0.9529514835698571
18348;disclosure;help me lose my mind;2014;pop;0.7779703238384058;0.7086996110389032
18355;wiz khalifa;kk (feat. project pat & juicy j);2014;pop;0.702155312466154;0.7997935471057754
18382;revolver cannabis;el de los lentes carrera (bonus track);2014;pop;0.7108198851944114;0.7197109659480857
18417;azealia banks;212;2014;pop;0.8191270442976281;0.7697625791716417
18457;james bay;hold back the river;2014;pop;0.7075706704213148;0.7157068368902011
18463;pitbull;time of our lives;2014;pop;0.7129860283764757;0.8027966438991888
18472;sam hunt;house party;2014;pop;0.7422289613343442;0.8618575475029849
18484;iggy azalea;fancy;2014;pop;0.9209357738546519;0.7167078691546722
18509;aronchupa;i'm an albatraoz;2014;pop;0.889526697714719;0.8178121278662557
18531;meghan trainor;all about that bass;2014;pop;0.811545543160403;0.8798761282634652
18559;wiz khalifa;we dem boyz;2014;pop;0.7097368136033794;0.8628585797674561
18610;fetty wap;rgf island;2015;pop;0.7411458897433121;0.7647574178492861
18648;drake;10 bands;2015;pop;0.837539261345175;0.756749159733517
18671;one direction;drag me down;2015;pop;0.7162352431495722;0.7117027078323166
18672;yo gotti;fuck you (feat. meek mill);2015;pop;0.7184013863316365;0.722714062741499
18691;wiz khalifa;king of everything;2015;pop;0.7541427488356981;0.756749159733517
18713;logic;i am the greatest;2015;pop;0.8007148272500813;0.8158100633373133
18716;logic;like woah;2015;pop;0.7097368136033794;0.9079050316686567
18730;twice;ooh-ahh?? like ooh-ahh;2015;pop;0.7129860283764757;0.8768730314700517
18776;g-eazy;forbes;2015;pop;0.7422289613343442;0.7827759986097663
18789;fifth harmony;worth it;2015;pop;0.8906097693057512;0.7657584501137572
18813;melanie martinez;pity party;2015;pop;0.7086537420123471;0.730722320857268
18841;shawn mendes;stitches;2015;pop;0.7411458897433121;0.7547470952045748
18851;willow;wait a minute!;2015;pop;0.7530596772446659;0.7076985787744322
18856;maroon 5;maps;2015;pop;0.7368136033791834;0.7137047723612588
18861;major lazer;lean on;2015;pop;0.7162352431495722;0.8098038697504867
18866;rihanna;bitch better have my money;2015;pop;0.7758041806563415;0.7417336757664503
18880;sheppard;geronimo;2015;pop;0.7043214556482185;0.763756385584815
18907;fifth harmony;bo$$;2015;pop;0.8137116863424673;0.8728689024121673
18951;quinn xcii;ffyl;2015;pop;0.71515217155854;0.7627553533203438
18967;selena gomez;kill em with kindness;2015;pop;0.7530596772446659;0.8848812895858208
19028;kanye west;fade;2016;pop;0.7519766056536337;0.7667594823782282
19029;bruno mars;perm;2016;pop;0.857034549983754;0.8718678701476962
19093;logic;flexicution;2016;pop;0.7693057511101484;0.7016923851876053
19103;justin timberlake;september;2016;pop;0.7714718942922129;0.8498451603293317
19131;grupo maximo grado;el hombre del equipo;2016;pop;0.8126286147514352;0.7597522565269305
19189;whethan;when i'm down;2016;pop;0.8288746886169177;0.7697625791716417
19193;daya;hide away;2016;pop;0.8916928408967834;0.8017956116347176
19270;sabrina carpenter;thumbs;2016;pop;0.7238167442867974;0.7187099336836145
19302;niykee heaton;bad intentions;2016;pop;0.7378966749702156;0.7207119982125567
19359;playboi carti;location;2017;pop;0.7097368136033794;0.7907842567255353
19421;khalid;hopeless;2017;pop;0.7833856817935667;0.7026934174520766
19444;kehlani;crzy;2017;pop;0.8288746886169177;0.7026934174520766
19473;playboi carti;yah mean;2017;pop;0.7736380374742771;0.730722320857268
19515;katy perry;swish swish;2017;pop;0.8418715477093037;0.7056965142454898
19524;blackbear;i miss the old u;2017;pop;0.7086537420123471;0.8128069665439001
19598;a$ap ferg;plain jane;2017;pop;0.7963825408859527;0.844839999006976
19607;dua lipa;new rules;2017;pop;0.7584750351998268;0.7006913529231342
19623;nav;some way;2017;pop;0.7433120329253764;0.7237150950059701
19628;justin bieber;friends (with bloodpop?);2017;pop;0.7378966749702156;0.7337254176506813
19642;kesha;woman;2017;pop;0.7378966749702156;0.7657584501137572
19786;jid;151 rum;2018;pop;0.7519766056536337;0.8678637410898117
19807;russ;nobody knows;2018;pop;0.7075706704213148;0.7107016755678455
19819;travis scott;nc-17;2018;pop;0.8039640420231778;0.763756385584815
19869;pewdiepie;bitch lasagna;2018;pop;0.7942163977038883;0.7897832244610642
19900;ti‰sto;jackie chan;2018;pop;0.7422289613343442;0.8348296763622648
19909;lil wayne;uproar;2018;pop;0.7378966749702156;0.870866837883225
19911;french montana;no stylist;2018;pop;0.7617242499729233;0.7046954819810188
19948;shawn mendes;lost in japan;2018;pop;0.7054045272392505;0.738730578973037
19979;calvin harris;one kiss (with dua lipa);2018;pop;0.7898841113397596;0.8628585797674561
19992;post malone;zack and codeine;2018;pop;0.7368136033791834;0.8408358699490914
20030;dean lewis;stay awake;2019;pop;0.7162352431495722;0.8298245150399092
20056;beyonc‚;before i let go;2019;pop;0.7054045272392505;0.8428379344780338
20108;chance the rapper;let's go on the run;2019;pop;0.8028809704321456;0.7016923851876053
20110;jonas brothers;don't throw it away;2019;pop;0.7248998158778296;0.8588544507095716
20125;quality control;leave em alone (layton greene, lil baby feat. city girls, pnb rock);2019;pop;0.7563088920177624;0.755748127469046
20130;machine gun kelly;el diablo;2019;pop;0.7617242499729233;0.7257171595349123
20156;sia;no new friends (feat. sia, diplo, and labrinth);2019;pop;0.7184013863316365;0.7036944497165476
20204;saweetie;my type;2019;pop;0.9068558431712337;0.8118059342794288
20248;ed sheeran;way to break my heart (feat. skrillex);2019;pop;0.7194844579226687;0.7317233531217391
20281;jonas brothers;i believe;2019;pop;0.7443951045164087;0.7747677404939973
80993;diamond & the psychotic neurotics;"shut the ""*!*!"" up";1992;hip hop;0.8949420556698798;0.788782192196593
81002;diamond & the psychotic neurotics;what you seek;1992;hip hop;0.7649734647460198;0.7857790954031797
81003;diamond & the psychotic neurotics;step to me;1992;hip hop;0.7465612476984729;0.9299277414870214
81004;en vogue;hip hop lover;1992;hip hop;0.8786959818043973;0.8628585797674561
81008;lighter shade of brown;hip hop locos;1992;hip hop;0.8137116863424673;0.7747677404939973
81012;kris kross;it don't stop (hip hop classic);1993;hip hop;0.8397054045272394;0.8158100633373133
81035;mase;get ready;1999;hip hop;0.7779703238384058;0.7507429661466903
81048;dr. dre;the next episode;2000;hip hop;0.9317664897649736;0.9129101929910123
81049;payo malo;na ma se que cantar;2001;hip hop;0.7270659590598939;0.7397316112375082
81053;obie trice;well known asshole;2001;hip hop;0.8841113397595582;0.7867801276676507
81059;lovebug starski;you've gotta believe;2001;hip hop;0.8516191920285932;0.7357274821796236
81060;lovebug starski;starski (live at the disco fever);2001;hip hop;0.8797790533954296;0.7707636114361128
81068;aceyalone;scribble on a clean surface;2002;hip hop;0.831040831798982;0.7987925148413042
81080;krs-one;never give up;2002;hip hop;0.8364561897541429;0.7367285144440947
81083;aceyalone;rappers on deck;2002;hip hop;0.8797790533954296;0.8798761282634652
81089;x-team;veren na hip-hop;2002;hip hop;0.7584750351998268;0.943942193189617
81098;lil rob;san diego;2003;hip hop;0.7801364670204701;0.7357274821796236
81102;mr. lil one;the crow;2003;hip hop;0.7227336726957654;0.7267181917993835
81106;sabotaje mexica;hip hop adictos;2003;hip hop;0.9111881295353624;0.7377295467085658
81110;j-kwon;morning light;2004;hip hop;0.7032383840571862;0.8408358699490914
81111;j-kwon;underwear;2004;hip hop;0.7909671829307918;0.8818781927924073
81112;j-kwon;they ask me;2004;hip hop;0.7400628181522799;0.9039009026107722
81117;umut ertek;b boys;2004;hip hop;0.940431062493231;0.7707636114361128
81120;j-kwon;you & me;2004;hip hop;0.7703888227011806;0.9299277414870214
81121;j-kwon;show your ass;2004;hip hop;0.7400628181522799;0.7907842567255353
81122;erick sermon;street hop;2004;hip hop;0.7194844579226687;0.8668627088253406
81123;spoonie gee;the godfather;2004;hip hop;0.8191270442976281;0.7397316112375082
81126;spoonie gee;did you come to party;2004;hip hop;0.8212931874796924;0.8408358699490914
81134;sindicato argentino del hip hop;el dinero;2005;hip hop;0.9068558431712337;0.7417336757664503
81137;krs-one;"tell the devil ""ha!""";2005;hip hop;0.7866348965666631;0.7517439984111614
81144;heather b;do you;2005;hip hop;0.8364561897541429;0.8268214182464957
81152;chico science;maracatu at“mico (trip hop);2005;hip hop;0.8776129102133652;0.8838802573213497
81164;lil' flip;let's ride;2006;hip hop;0.8732806238492365;0.7006913529231342
81168;nas;where are they now;2006;hip hop;0.837539261345175;0.7807739340808241
81182;e-40;i am;2007;hip hop;0.7638903931549876;0.9409390963962037
81185;method man;all my n*gg*s;2007;hip hop;0.7519766056536337;0.7867801276676507
81207;the game;it's the game;2007;hip hop;0.8017978988411135;0.8258203859820246
81216;raekwon;still strugglin';2007;hip hop;0.7248998158778296;0.7016923851876053
81220;raekwon;still struggling;2007;hip hop;0.7108198851944114;0.756749159733517
81222;krs-one;the victory;2007;hip hop;0.7931333261128561;0.7287202563283257
81224;mobb deep;have a party;2007;hip hop;0.7140690999675079;0.722714062741499
81229;dj jazzy jeff;brand new funk 2k7 feat. peedi crakk;2007;hip hop;0.8267085454348533;0.796790450312362
81240;kurtis blow;party time;2008;hip hop;0.8158778295245316;0.934932902809377
81241;kurtis blow;if i ruled the world;2008;hip hop;0.7476443192895051;0.9309287737514925
81243;vanilla ice;ice ice baby (re-recorded version);2008;hip hop;0.9935015704538073;0.7927863212544776
81244;dj drama;hip- hop (out in the dark);2008;hip hop;0.8332069749810462;0.8678637410898117
81246;vanilla ice;ice ice baby (club crasher mix);2008;hip hop;0.7877179681576953;0.8768730314700517
81255;positive k;i got a man (re-recorded);2008;hip hop;0.9133542727174268;0.8288234827754379
81267;supaman;shut em down;2008;hip hop;0.8332069749810462;0.796790450312362
81273;grandmaster flash & the furious five;white lines (long version) [re-recorded];2008;hip hop;0.8147947579334995;0.7016923851876053
81278;roxanne shante;roxanne's revenge (re-recorded);2008;hip hop;0.8711144806671721;0.7957894180478909
81279;vanilla ice;jump around;2008;hip hop;0.7368136033791834;0.7607532887914016
81281;tha alkaholiks;hip-hop drunkies;2008;hip hop;0.8462038340734322;0.7277192240638546
81287;j.j. fad;supersonic (re-recorded);2008;hip hop;0.8635329795299471;0.7016923851876053
81289;grandmaster melle mel;white lines;2008;hip hop;0.7086537420123471;0.8338286440977936
81290;foxy brown;the quan;2008;hip hop;0.7530596772446659;0.7487409016177482
81293;newcleus;jam on it (re-recorded);2008;hip hop;0.8786959818043973;0.7937873535189486
81294;supaman;clap ta dis;2008;hip hop;0.8602837647568505;0.7957894180478909
81314;night shield;she got it;2009;hip hop;0.80504711361421;0.7397316112375082
81315;night shield;get ya block on;2009;hip hop;0.93501570453807;0.8088028374860154
81317;night shield;the night away;2009;hip hop;0.7335643886060871;0.8718678701476962
81332;j.j. fad;supersonic (electrolicious remix);2009;hip hop;0.9642586374959385;0.9399380641317326
81334;kool moe dee;how ya like me now (re-recorded / remastered);2009;hip hop;0.857034549983754;0.8888854186437053
81338;sen kumpa;deglu xel;2009;hip hop;0.8472869056644646;0.7457378048243348
81339;african underground;intro;2009;hip hop;0.7335643886060871;0.7097006433033745
81341;kool moe dee;i go to work (re-recorded);2009;hip hop;0.8093793999783387;0.9899896773552888
81343;shiffai;never forget;2009;hip hop;0.7833856817935667;0.7377295467085658
81348;"royce da 5'9""";a brief intermission (skit);2009;hip hop;0.7476443192895051;0.7377295467085658
81350;83;appel local;2009;hip hop;0.850536120437561;0.7517439984111614
81351;tyree cooper;turn up the bass;2009;hip hop;0.8212931874796924;0.959958709421155
81360;thundamentals;i hip hop;2009;hip hop;0.8537853352106575;0.7457378048243348
81361;oddisee;hip hop's cool again;2009;hip hop;0.71515217155854;0.779772901816353
81367;dj laz;move, shake, drop;2009;hip hop;0.806130185205242;0.8688647733542828
81391;83;keep on movin';2009;hip hop;0.80504711361421;0.8278224505109669
81392;ghostface killah;return of the iron man;2009;hip hop;0.7303151738329904;0.8518472248582737
81395;sister fa;hip hop rek;2009;hip hop;0.7476443192895051;0.7677605146426995
81398;more;hip hop;2009;hip hop;0.8039640420231778;0.8368317408912069
81402;gli inquilini;la legge del pi— forte;2010;hip hop;0.7963825408859527;0.7517439984111614
81406;epmd;you gots to chill;2010;hip hop;0.8884436261236869;0.8168110956017844
81411;special ed;how you like me now (re-recorded / remastered);2010;hip hop;0.857034549983754;0.8888854186437053
81412;rob base;it takes two (re-recorded);2010;hip hop;0.7888010397487275;0.9249225801646658
81417;mack 10;w/s foe life;2010;hip hop;0.9187696306725875;0.706697546509961
81421;piotta;in fissa per il rap;2010;hip hop;0.720567529513701;0.8628585797674561
81424;tungtvann;hold det nede (med dirty definite);2010;hip hop;0.8277916170258854;0.7877811599321219
81442;trainspotters;fan first;2010;hip hop;0.7270659590598939;0.8838802573213497
81449;dmx;ruff ryders' anthem (re-recorded);2011;hip hop;0.8721975522582044;0.796790450312362
81452;dmx;party up (up in here) (re-recorded / remastered);2011;hip hop;0.7303151738329904;0.8348296763622648
81456;sweatshop union;bill murray;2011;hip hop;0.7671396079280841;0.7837770308742373
81458;dmx;ruff ryders' anthem (re-recorded / remastered);2011;hip hop;0.8721975522582044;0.796790450312362
81463;bobby brown;my prerogative (re-recorded);2011;hip hop;0.7877179681576953;0.8528482571227448
81464;dmx;party up (up in here) [re-recorded];2011;hip hop;0.7303151738329904;0.8348296763622648
81483;capone-n-noreaga;t.o.n.y. (top of new york);2011;hip hop;0.701072240875122;0.8358307086267358
81488;wc;ain't a damn thang changed;2011;hip hop;0.8364561897541429;0.8278224505109669
81493;positive k;i got a man (re-recorded) [remastered];2011;hip hop;0.9079389147622658;0.8288234827754379
81494;turi;don't talk (feat. gioman, killacat);2011;hip hop;0.8494530488465288;0.8618575475029849
81498;killah priest;come with me;2011;hip hop;0.7043214556482185;0.8418369022135626
81499;killah priest;musifixtion;2011;hip hop;0.7898841113397596;0.8678637410898117
81500;killah priest;when i'm writing;2011;hip hop;0.8689483374851079;0.746738837088806
81501;killah priest;do the damn thing;2011;hip hop;0.7324813170150547;0.911909160726541
81510;killah priest;breathe;2011;hip hop;0.7238167442867974;0.756749159733517
81516;rayess bek;halon remix;2011;hip hop;0.8483699772554967;0.8037976761636598
81517;abstract artform;hip-hop is what i was doing (feat. flo soul & dj platform);2011;hip hop;0.9166034874905231;0.8588544507095716
81526;terror x crew;the taste of hate (i geusi tou menos);2012;hip hop;0.8017978988411135;0.9469452899830304
81538;a filial;vira lata;2012;hip hop;0.8342900465720786;0.7837770308742373
81546;grandmaster melle mel;grndmza 5;2012;hip hop;0.8732806238492365;0.7537460629401037
81547;grandmaster melle mel;grndmza pt. 1;2012;hip hop;0.8916928408967834;0.8558513539161582
81568;jacki-o;i got yo boyfriend;2012;hip hop;0.7173183147406045;0.8298245150399092
81569;hiphop tamizha;hey do what i say;2012;hip hop;0.8147947579334995;0.7817749663452951
81572;afu-ra;hip hop kid;2012;hip hop;0.7043214556482185;0.9579566448922128
81584;hopsin;hop madness;2012;hip hop;0.8234593306617569;0.7727656759650551
81589;roxanne shante;roxanne's revenge (re-recorded) [remastered];2012;hip hop;0.8711144806671721;0.7957894180478909
81605;zontanoi nekroi;asshole don't fuck with us (karioli min ta valies me mas);2012;hip hop;0.7270659590598939;0.8318265795688513
81608;de leve;m‚xico;2013;hip hop;0.8949420556698798;0.7477398693532771
81616;sektion kuchik„schtli;lampafiaber;2013;hip hop;0.7790533954294379;0.9469452899830304
81620;jacki-o;if i had a son;2013;hip hop;0.8646160511209792;0.7407326435019792
81630;todd terry;survivor;2013;hip hop;0.8126286147514352;0.7117027078323166
81650;krs-one;ah yeah;2013;hip hop;0.7378966749702156;0.8598554829740428
81655;naughty by nature;o.p.p. (re-recorded);2013;hip hop;0.7617242499729233;0.8678637410898117
81658;dimples d.;sucker dj (i will survive);2013;hip hop;0.818043972706596;0.8638596120319272
81659;anirudh ravichander;chennai city gangsta;2013;hip hop;0.7248998158778296;0.8878843863792342
81665;tuff crew;my part of town;2013;hip hop;0.9198527022636196;0.9139112252554833
81684;no mercy;what is love;2014;hip hop;0.720567529513701;0.8318265795688513
81718;black moon;powaful impak!;2014;hip hop;0.7617242499729233;0.7537460629401037
81719;radioinactive;left handed cigarettes;2014;hip hop;0.8711144806671721;0.7036944497165476
81738;zul? hip hop jam;cossa nostra;2014;hip hop;0.7248998158778296;0.8268214182464957
81741;black moon;u da man feat. mad lion & smif-n-wessun;2014;hip hop;0.7259828874688617;0.8508461925938026
81743;kaveli;ich weiá noch genau;2014;hip hop;0.8386223329362071;0.8608565152385138
81751;freeway;hot new hip hop;2014;hip hop;0.7378966749702156;0.788782192196593
81752;aspects;hip hop circus;2014;hip hop;0.7693057511101484;0.8648606442963984
81759;corleone;i made it;2014;hip hop;0.7400628181522799;0.8268214182464957
81769;blahzay blahzay;danger;2015;hip hop;0.71515217155854;0.7086996110389032
81771;blackface;ahead of the game;2015;hip hop;0.7259828874688617;0.7006913529231342
81781;homeboy sandman;extreme measures;2015;hip hop;0.7866348965666631;0.9099070961975989
81789;abstract rude;pride;2015;hip hop;0.8386223329362071;0.942941160925146
81794;ugk;it's supposed to bubble;2015;hip hop;0.7400628181522799;0.755748127469046
81807;public enemy;can't truss it;2015;hip hop;0.785551824975631;0.9189163865778389
81809;d.o.c.;it's funky enough;2015;hip hop;0.8321239033900141;0.7977914825768332
81810;redman;blow your mind;2015;hip hop;0.7628073215639554;0.8588544507095716
81813;jeru the damaja;come clean;2015;hip hop;0.8082963283873064;0.9569556126277415
81814;master p;souljas;2015;hip hop;0.940431062493231;0.7447367725598638
81820;eric b. & rakim;don't sweat the technique;2015;hip hop;0.7389797465612479;0.960959741685626
81825;clemens;hop rundt;2015;hip hop;0.9599263511318099;0.8838802573213497
81831;abstract rude;3d nights;2015;hip hop;0.7465612476984729;0.722714062741499
81833;"royce da 5'9""";a breif intermission;2015;hip hop;0.8635329795299471;0.729721288592797
81834;del the funky homosapien;mistadobalina;2015;hip hop;0.8537853352106575;0.7977914825768332
81836;ice-t;o.g. original gangster;2015;hip hop;0.896025127260912;0.8588544507095716
81843;mack 10;so sharp;2015;hip hop;0.8072132567962743;0.8118059342794288
81847;?????????;??????;2016;hip hop;0.798548684068017;0.9399380641317326
81864;fumez the engineer;pull up hop out bang;2016;hip hop;0.7617242499729233;0.8248193537175535
81865;ying yang twins;ho ho ho;2016;hip hop;0.7303151738329904;0.8057997406926022
81872;murs;hip hop & love;2016;hip hop;0.8938589840788477;0.7727656759650551
81875;mc duke;i'm riffin;2016;hip hop;0.857034549983754;0.9159132897844257
81891;k kutta;hop up;2017;hip hop;0.9382649193111665;0.7117027078323166
81894;the lox;if you think i'm jiggy;2017;hip hop;0.8786959818043973;0.8118059342794288
81901;loon;hey woo;2017;hip hop;0.8559514783927218;0.9339318705449058
81904;the beatnuts;find us (in the back of the club);2017;hip hop;0.8267085454348533;0.844839999006976
81914;ice-t;new jack hustler (nino's theme);2017;hip hop;0.8429546193003358;0.8378327731556782
81916;black rob;ready;2017;hip hop;0.8732806238492365;0.7287202563283257
81917;black rob;thug story;2017;hip hop;0.896025127260912;0.8148090310728423
81928;gorilla zoe;money up;2017;hip hop;0.7248998158778296;0.8368317408912069
81930;8ball & mjg;30 rocks [feat. diddy];2017;hip hop;0.9274342034008448;0.7026934174520766
81933;crime mob;put yo hands up;2017;hip hop;0.8472869056644646;0.7257171595349123
81935;crime mob;shine cause i grind;2017;hip hop;0.8981912704429763;0.8388338054201492
81937;warren g;gangsta love;2017;hip hop;0.8537853352106575;0.7407326435019792
81941;8ball & mjg;shot off;2017;hip hop;0.8819451965774937;0.8898864509081764
81955;jt money;who dat;2017;hip hop;0.8202101158886603;0.8198141923951979
81962;crime mob;big boy pimpin';2017;hip hop;0.7703888227011806;0.7247161272704413
81967;boyz n da hood;felonies;2017;hip hop;0.8613668363478827;0.9169143220488967
81975;the beatnuts;hot;2017;hip hop;0.7335643886060871;0.8007945793702466
81983;terror squad;rudeboy salute (feat. buju banton, big pun and fat joe);2017;hip hop;0.8386223329362071;0.8598554829740428
81985;busta rhymes;do my thing;2017;hip hop;0.785551824975631;0.7437357402953926
81986;shyne;n******s gonna die;2017;hip hop;0.8028809704321456;0.7086996110389032
81988;shyne;let me see your hands;2017;hip hop;0.8017978988411135;0.9649638707435106
81994;the beatnuts;madness;2017;hip hop;0.8277916170258854;0.7046954819810188
81999;artifacts;the ultimate;2017;hip hop;0.8256254738438212;0.7056965142454898
82001;the treacherous three;whip it (feat. philippe wynne);2017;hip hop;0.8786959818043973;0.9169143220488967
82008;mase;take what's yours (feat. dmx);2017;hip hop;0.7833856817935667;0.7117027078323166
82009;black rob;i dare you (feat. joe hooker);2017;hip hop;0.7606411783818912;0.7497419338822194
82012;bone thugs-n-harmony;everytime;2017;hip hop;0.7162352431495722;0.7837770308742373
82016;ice-t;somebody gotta do it (pimpin' ain't easy!!!);2017;hip hop;0.8191270442976281;0.8348296763622648
82018;crime mob;knuck if you buck;2017;hip hop;0.8743636954402688;0.8388338054201492
82058;big sean;no favors;2017;hip hop;0.701072240875122;0.7837770308742373
82063;wifisfuneral;jackie chan;2017;hip hop;0.798548684068017;0.7707636114361128
82067;fabolous;sickalicious (feat. missy elliott);2017;hip hop;0.9306834181739413;0.8318265795688513
82076;group home;supa star;2017;hip hop;0.8158778295245316;0.8168110956017844
82078;v.i.c.;get silly;2017;hip hop;0.8472869056644646;0.8428379344780338
82079;8ball;you don't want drama;2017;hip hop;0.7747211090653093;0.8718678701476962
82080;epmd;crossover;2017;hip hop;0.7768872522473736;0.7807739340808241
82082;the sugarhill gang;ain't nothin' but a party;2017;hip hop;0.7281490306509262;0.8398348376846204
82086;paul wall;i'm throwed;2017;hip hop;0.7368136033791834;0.7817749663452951
82090;trina;no panties (feat. tweet);2017;hip hop;0.8721975522582044;0.7707636114361128
82091;busta rhymes;bladow!!;2017;hip hop;0.7606411783818912;0.7056965142454898
82099;pusha t;circles;2017;hip hop;0.7736380374742771;0.7427347080309215
82119;the lox;money, power and respect (feat. dmx and lil' kim);2017;hip hop;0.8147947579334995;0.7076985787744322
82121;paul wall;big ballin';2018;hip hop;0.7996317556590492;0.7157068368902011
82122;nappy roots;headz up;2018;hip hop;0.8418715477093037;0.7707636114361128
82123;biz markie;nobody beats the biz;2018;hip hop;0.806130185205242;0.7727656759650551
82127;hazhe;crazy;2018;hip hop;0.7248998158778296;0.7717646437005838
82128;trina;hustling;2018;hip hop;0.9490956352214881;0.8328276118333225
82132;busta rhymes;salute da gods!!;2018;hip hop;0.7140690999675079;0.7997935471057754
82149;busta rhymes;the whole world looking at me;2018;hip hop;0.7866348965666631;0.7847780631387086
82154;ultramagnetic mc's;"ego trippin' (12"" version)";2018;hip hop;0.9317664897649736;0.959958709421155
82158;v.i.c.;bop, bop, bop;2018;hip hop;0.7259828874688617;0.7537460629401037
82162;talib kweli;listen!!!;2018;hip hop;0.7119029567854437;0.7947883857834198
82170;leaders of the new school;what's next;2018;hip hop;0.837539261345175;0.8608565152385138
82177;black rob;smile in ya face;2018;hip hop;0.7844687533845988;0.7647574178492861
82181;method man;4:20;2018;hip hop;0.7259828874688617;0.706697546509961
82192;3rd bass;the gas face;2018;hip hop;0.8537853352106575;0.8528482571227448
82200;lloyd banks;i get high;2018;hip hop;0.8364561897541429;0.8057997406926022
82201;the roots;75 bars (black's reconstruction);2018;hip hop;0.7476443192895051;0.9739731611237507
82202;c-murder;down for my niggaz;2018;hip hop;0.8202101158886603;0.8428379344780338
82203;epmd;so wat cha sayin';2018;hip hop;0.7952994692949203;0.7016923851876053
82209;lil yachty;who want the smoke?;2018;hip hop;0.9090219863532979;0.7257171595349123
82221;n.w.a.;straight outta compton;2018;hip hop;0.8364561897541429;0.878875095998994
82224;shah rule;lakhs;2018;hip hop;0.7476443192895051;0.7016923851876053
82245;8ball & mjg;gangsta;2018;hip hop;0.8711144806671721;0.9649638707435106
82261;nice & smooth;funky for you;2018;hip hop;0.7693057511101484;0.7607532887914016
82265;n.w.a.;100 miles and runnin';2018;hip hop;0.7411458897433121;0.9369349673383192
82267;vince staples;get the fuck off my dick;2018;hip hop;0.9339326329470379;0.7257171595349123
82268;nice & smooth;blunts;2018;hip hop;0.8093793999783387;0.7076985787744322
82294;nappy roots;set it out;2019;hip hop;0.9274342034008448;0.7497419338822194
82296;nappy roots;my ride;2019;hip hop;0.8397054045272394;0.7417336757664503
82299;boogie down productions;my philosophy;2019;hip hop;0.8841113397595582;0.8358307086267358
82302;schoolly d;saturday night;2019;hip hop;0.8927759124878154;0.9369349673383192
82306;tone-loc;on fire;2019;hip hop;0.8862774829416226;0.7697625791716417
82308;fabolous;can't deny it;2019;hip hop;0.9252680602187805;0.8218162569241401
82309;mc hammer;let's get it started;2019;hip hop;0.9685909238600672;0.722714062741499
82310;blackalicious;blazing arrow;2019;hip hop;0.8321239033900141;0.7587512242624593
82312;nappy roots;sholiz;2019;hip hop;0.8104624715693709;0.9449432254540883
82317;fu-schnickens;true fuschnick;2019;hip hop;0.8646160511209792;0.7537460629401037
82322;nappy roots;dime, quarter, nickel, penny;2019;hip hop;0.8353731181631107;0.8888854186437053
82329;kool g rap;fast life;2019;hip hop;0.8397054045272394;0.7747677404939973
82330;brand nubian;love vs. hate;2019;hip hop;0.7032383840571862;0.7107016755678455
82344;denzel curry;this life;2019;hip hop;0.7173183147406045;0.8438389667425048
82346;poor righteous teachers;rock dis funky joint;2019;hip hop;0.9209357738546519;0.755748127469046
82351;big tymers;stuntastic;2019;hip hop;0.7064875988302828;0.8988957412884165
82353;aceyalone;feet up on the table;2019;hip hop;0.8992743420340086;0.7827759986097663
82354;flipmode squad;this is what happens;2019;hip hop;0.7270659590598939;0.8278224505109669
82356;das efx;host wit da most;2019;hip hop;0.7389797465612479;0.7547470952045748
82358;das efx;shine;2019;hip hop;0.759558106790859;0.8408358699490914
82361;das efx;gimme dat micraphone;2019;hip hop;0.7888010397487275;0.7427347080309215
82372;das efx;knockin' niggaz off;2019;hip hop;0.759558106790859;0.7837770308742373
82379;epmd;i'm housin';2019;hip hop;0.7682226795191162;0.8608565152385138
82385;young mc;got more rhymes;2019;hip hop;0.8072132567962743;0.8758719992055807
82389;rob base & dj ez rock;it takes two;2019;hip hop;0.759558106790859;0.9039009026107722
82397;will smith;gettin' jiggy wit it;2019;hip hop;0.883028268168526;0.8218162569241401
82398;big sean;dance (a$$);2019;hip hop;0.785551824975631;0.730722320857268
82399;run?d.m.c.;it's tricky;2019;hip hop;0.9707570670421315;0.8818781927924073
82400;young mc;bust a move;2019;hip hop;0.9577602079497456;0.7727656759650551
82405;b.o.b;back and forth;2019;hip hop;0.7508935340626016;0.7707636114361128
82410;eazy-e;no more ?'s;2019;hip hop;0.9458464204483918;0.8057997406926022
82425;kurtis blow;basketball;2019;hip hop;0.883028268168526;0.706697546509961
82428;eric b. & rakim;paid in full;2019;hip hop;0.896025127260912;0.7507429661466903
82433;ghostface killah;iron maiden;2019;hip hop;0.7530596772446659;0.7257171595349123
82438;eazy-e;eazy-duz-it;2019;hip hop;0.8288746886169177;0.7287202563283257
82440;ja rule;kill 'em all;2019;hip hop;0.7519766056536337;0.8338286440977936
82445;nappy roots;country boyz;2019;hip hop;0.766056536337052;0.8558513539161582
82446;the roots;the seed (2.0);2019;hip hop;0.7541427488356981;0.9579566448922128
82450;will smith;switch;2019;hip hop;0.883028268168526;0.8858823218502919
